-- ============================================================
-- V1__init.sql (MySQL 8.0 / Flyway)
--  * No CREATE DATABASE / USE / SET NAMES
--  * Adds concert_seats.status ENUM('AVAILABLE','HELD','CONFIRMED')
--  * >=5 seed rows per table
-- ============================================================

-- 1) concerts
CREATE TABLE `concerts`
(
    `id`             BIGINT UNSIGNED NOT NULL AUTO_INCREMENT COMMENT 'PK',
    `title`          VARCHAR(255)    NOT NULL COMMENT 'Ά│╡ΉΩ░ ΉιεΈςσ',
    `description`    TEXT COMMENT 'Ά│╡ΉΩ░ ΉΔΒΉΕ╕ ΉΕνΈςΖ',
    `artist_name`    VARCHAR(255)             DEFAULT NULL COMMENT 'ΉΧΕΊΜ░ΉΛνΊΛ╕ΈςΖ',
    `organizer_name` VARCHAR(255)             DEFAULT NULL COMMENT 'Ήμ╝Ή╡ε/Ήμ╝Ά┤ΑΉΓυΈςΖ',
    `is_open`        TINYINT(1)      NOT NULL DEFAULT 1 COMMENT 'Ά│╡Ά░ε ΉΩυΈ╢Α(1=ΊβεΉΕ▒)',
    `created_at`     DATETIME(6)     NOT NULL DEFAULT CURRENT_TIMESTAMP(6) COMMENT 'ΉΔζΉΕ▒ ΉΜεΆ░Β(UTC)',
    `updated_at`     DATETIME(6)     NOT NULL DEFAULT CURRENT_TIMESTAMP(6) ON UPDATE CURRENT_TIMESTAMP(6) COMMENT 'ΉΙαΉιΧ ΉΜεΆ░Β(UTC)',
    `deleted_at`     DATETIME(6)              DEFAULT NULL COMMENT 'ΉΓφΉιε ΉΜεΆ░Β(UTC)',
    PRIMARY KEY (`id`),
    KEY `idx_concerts_title` (`title`),
    KEY `idx_concerts_open` (`is_open`)
) ENGINE = InnoDB
  DEFAULT CHARSET = utf8mb4
  COLLATE = utf8mb4_0900_ai_ci COMMENT ='Ά│╡ΉΩ░ ΈπΙΉΛνΊΕ░';

-- 2) users
CREATE TABLE `users`
(
    `id`         BIGINT UNSIGNED NOT NULL AUTO_INCREMENT COMMENT 'PK',
    `user_uuid`  CHAR(36)        NOT NULL COMMENT 'Ήβ╕Έ╢Α ΈΖ╕Ή╢εΉγσ UUID',
    `email`      VARCHAR(255)    NOT NULL COMMENT 'ΈκεΆ╖╕Ήζ╕ Ήζ┤ΈσΦΉζ╝(ΉειΈΜΙΊΒυ)',
    `password`   VARCHAR(255)    NOT NULL COMMENT 'ΉΧΦΊα╕ ΊΧ┤ΉΜε',
    `name`       VARCHAR(50)     NOT NULL COMMENT 'ΉΓυΉγσΉηΡ Ήζ┤ΈοΕ',
    `created_at` DATETIME(6)     NOT NULL DEFAULT CURRENT_TIMESTAMP(6),
    `updated_at` DATETIME(6)     NOT NULL DEFAULT CURRENT_TIMESTAMP(6) ON UPDATE CURRENT_TIMESTAMP(6),
    `deleted_at` DATETIME(6)              DEFAULT NULL,
    PRIMARY KEY (`id`),
    UNIQUE KEY `uk_users_uuid` (`user_uuid`),
    UNIQUE KEY `uk_users_email` (`email`)
) ENGINE = InnoDB
  DEFAULT CHARSET = utf8mb4
  COLLATE = utf8mb4_0900_ai_ci COMMENT ='ΊγΝΉδΡ';

-- 3) concert_dates
CREATE TABLE `concert_dates`
(
    `id`         BIGINT UNSIGNED NOT NULL AUTO_INCREMENT COMMENT 'PK',
    `concert_id` BIGINT UNSIGNED NOT NULL COMMENT 'FK: concerts.id',
    `event_date` DATE            NOT NULL COMMENT 'Ά│╡ΉΩ░ ΈΓιΉπε(YYYY-MM-DD)',
    `venue_name` VARCHAR(200)    NOT NULL COMMENT 'Ά│╡ΉΩ░Ήηξ Ήζ┤ΈοΕ',
    `is_open`    TINYINT(1)      NOT NULL DEFAULT 0 COMMENT 'ΉαΙΈπν ΉανΊΦΙ ΉΩυΈ╢Α(1=ΉανΊΦΙ)',
    `created_at` DATETIME(6)     NOT NULL DEFAULT CURRENT_TIMESTAMP(6),
    `updated_at` DATETIME(6)     NOT NULL DEFAULT CURRENT_TIMESTAMP(6) ON UPDATE CURRENT_TIMESTAMP(6),
    `deleted_at` DATETIME(6)              DEFAULT NULL,
    PRIMARY KEY (`id`),
    UNIQUE KEY `uk_concert_date` (`concert_id`, `event_date`),
    KEY `idx_concert_dates_open` (`is_open`),
    CONSTRAINT `fk_concert_dates_concert`
        FOREIGN KEY (`concert_id`) REFERENCES `concerts` (`id`)
            ON DELETE CASCADE ON UPDATE RESTRICT
) ENGINE = InnoDB
  DEFAULT CHARSET = utf8mb4
  COLLATE = utf8mb4_0900_ai_ci COMMENT ='Ά│╡ΉΩ░ Ήζ╝ΉηΡ';

-- 4) concert_seats (status Ή╢ΦΆ░Α)
CREATE TABLE `concert_seats`
(
    `id`              BIGINT UNSIGNED                       NOT NULL AUTO_INCREMENT COMMENT 'PK',
    `concert_date_id` BIGINT UNSIGNED                       NOT NULL COMMENT 'FK: concert_dates.id',
    `seat_no`         INT UNSIGNED                          NOT NULL COMMENT 'ΉλΝΉΕζ Έ▓ΙΊα╕',
    `section`         VARCHAR(50)                           NOT NULL DEFAULT '' COMMENT 'Ά╡υΉΩφ/Ή╕╡/Έ╕ΦΈκζ(Ά│╡Έ░▒=ΉΩΗΉζΝ)',
    `price`           BIGINT UNSIGNED                       NOT NULL COMMENT 'ΉλΝΉΕζ Ά░ΑΆ▓σ(ΉδΡ)',
    `status`          ENUM ('AVAILABLE','HELD','CONFIRMED') NOT NULL DEFAULT 'AVAILABLE' COMMENT 'ΉλΝΉΕζ ΉΔΒΊΔε',
    `created_at`      DATETIME(6)                           NOT NULL DEFAULT CURRENT_TIMESTAMP(6),
    `updated_at`      DATETIME(6)                           NOT NULL DEFAULT CURRENT_TIMESTAMP(6) ON UPDATE CURRENT_TIMESTAMP(6),
    `deleted_at`      DATETIME(6)                                    DEFAULT NULL,
    PRIMARY KEY (`id`),
    UNIQUE KEY `uk_concert_seat` (`concert_date_id`, `section`, `seat_no`),
    KEY `idx_concert_seats_price` (`price`),
    CONSTRAINT `fk_concert_seats_date`
        FOREIGN KEY (`concert_date_id`) REFERENCES `concert_dates` (`id`)
            ON DELETE CASCADE ON UPDATE RESTRICT,
    CONSTRAINT `chk_concert_seats_price_nonneg`
        CHECK (`price` >= 0)
) ENGINE = InnoDB
  DEFAULT CHARSET = utf8mb4
  COLLATE = utf8mb4_0900_ai_ci COMMENT ='Ά│╡ΉΩ░ ΉλΝΉΕζ(Ήζ╝ΉηΡΈ│Ε)';

-- 5) reservations
CREATE TABLE `reservations`
(
    `id`              BIGINT UNSIGNED                                   NOT NULL AUTO_INCREMENT COMMENT 'PK',
    `user_id`         BIGINT UNSIGNED                                   NOT NULL,
    `concert_id`      BIGINT UNSIGNED                                   NOT NULL,
    `concert_date_id` BIGINT UNSIGNED                                   NOT NULL,
    `seat_id`         BIGINT UNSIGNED                                   NOT NULL,

    `status`          ENUM ('PENDING','CONFIRMED','CANCELED','EXPIRED') NOT NULL COMMENT 'ΉαΙΉΧ╜ ΉΔΒΊΔε',
    `amount`          BIGINT UNSIGNED                                   NOT NULL COMMENT 'Ά▓░Ήιε ΉαΙΉιΧ/ΉΜνΉιε Ά╕ΙΉΧκ(ΉδΡ)',
    `hold_expires_at` DATETIME(6)                                                DEFAULT NULL COMMENT 'ΊβΑΈΥε ΈπΝΈμΝ ΉΜεΆ░Β(UTC)',
    `confirmed_at`    DATETIME(6)                                                DEFAULT NULL COMMENT 'ΊβΧΉιΧ ΉΜεΆ░Β(UTC)',
    `canceled_at`     DATETIME(6)                                                DEFAULT NULL COMMENT 'Ή╖ρΉΗΝ ΉΜεΆ░Β(UTC)',
    `expired_at`      DATETIME(6)                                                DEFAULT NULL COMMENT 'ΈπΝΈμΝ Ή▓αΈου ΉΜεΆ░Β(UTC)',

    `is_active`       TINYINT(1)                                         NOT NULL DEFAULT 0 COMMENT 'ΉλΝΉΕζ ΉιΡΉει ΊβεΉΕ▒ ΊΦΝΈηαΆ╖╕(ΊβΑΈΥε/ΊβΧΉιΧ=1, Ή╖ρΉΗΝ/ΈπΝΈμΝ=0)',

    `version`         BIGINT UNSIGNED                                   NOT NULL DEFAULT 0 COMMENT 'ΈΓβΆ┤ΑΉιΒ Έζ╜ Έ▓ΕΉιΕ',
    `created_at`      DATETIME(6)                                       NOT NULL DEFAULT CURRENT_TIMESTAMP(6),
    `updated_at`      DATETIME(6)                                       NOT NULL DEFAULT CURRENT_TIMESTAMP(6) ON UPDATE CURRENT_TIMESTAMP(6),
    `deleted_at`      DATETIME(6)                                                DEFAULT NULL,

    PRIMARY KEY (`id`),

    -- Ήκ░ΊγΝ/ΉιΧΈιυΉγσ Ήζ╕ΈΞ▒ΉΛν
    KEY `idx_resv_user`         (`user_id`),
    KEY `idx_resv_concert`      (`concert_id`),
    KEY `idx_resv_date`         (`concert_date_id`),
    KEY `idx_resv_status`       (`status`),
    KEY `idx_resv_hold_exp`     (`hold_expires_at`),
    KEY `idx_resv_confirmed_at` (`confirmed_at`),
    KEY `idx_resv_canceled_at`  (`canceled_at`),
    KEY `idx_resv_expired_at`   (`expired_at`),

    -- "ΊαΕΉηυ ΉιΡΉει" ΉειΈΜΙΊΒυ ΉιεΉΧ╜: seat_idΉΩΡΉΕε is_active=1ΉζΑ 1Ά▒┤ΈπΝ ΊΩΙΉγσ
    UNIQUE KEY `uk_resv_seat_active` (`seat_id`, `is_active`),

    -- FK
    CONSTRAINT `fk_resv_user`    FOREIGN KEY (`user_id`)         REFERENCES `users`         (`id`) ON DELETE CASCADE ON UPDATE RESTRICT,
    CONSTRAINT `fk_resv_concert` FOREIGN KEY (`concert_id`)      REFERENCES `concerts`      (`id`) ON DELETE CASCADE ON UPDATE RESTRICT,
    CONSTRAINT `fk_resv_date`    FOREIGN KEY (`concert_date_id`) REFERENCES `concert_dates` (`id`) ON DELETE CASCADE ON UPDATE RESTRICT,
    CONSTRAINT `fk_resv_seat`    FOREIGN KEY (`seat_id`)         REFERENCES `concert_seats` (`id`) ON DELETE RESTRICT ON UPDATE RESTRICT,

    -- Ή▓┤ΊΒυ ΉιεΉΧ╜
    CONSTRAINT `chk_reservations_amount_nonneg` CHECK (`amount` >= 0),
    CONSTRAINT `chk_reservations_pending_hold`  CHECK (`status` <> 'PENDING' OR `hold_expires_at` IS NOT NULL)
) ENGINE = InnoDB
  DEFAULT CHARSET = utf8mb4
  COLLATE = utf8mb4_0900_ai_ci COMMENT ='ΉαΙΉΧ╜(ΊβΑΈΥε/ΊβΧΉιΧ/Ή╖ρΉΗΝ/ΈπΝΈμΝ)';

-- 6) payments
CREATE TABLE `payments`
(
    `id`              BIGINT UNSIGNED                       NOT NULL AUTO_INCREMENT COMMENT 'PK',
    `reservation_id`  BIGINT UNSIGNED                       NOT NULL,
    `user_id`         BIGINT UNSIGNED                       NOT NULL,
    `amount`          BIGINT UNSIGNED                       NOT NULL,
    `provider`        VARCHAR(50)                                    DEFAULT NULL,
    `provider_txn_id` VARCHAR(100)                                   DEFAULT NULL,
    `status`          ENUM ('SUCCEEDED','FAILED','PENDING') NOT NULL,
    `idempotency_key` CHAR(36)                              NOT NULL,
    `created_at`      DATETIME(6)                           NOT NULL DEFAULT CURRENT_TIMESTAMP(6),
    `updated_at`      DATETIME(6)                           NOT NULL DEFAULT CURRENT_TIMESTAMP(6) ON UPDATE CURRENT_TIMESTAMP(6),
    `deleted_at`      DATETIME(6)                           NULL,
    -- ΉΕ▒Ά│╡Ήζ╝ ΈΧΝΈπΝ 1, Ά╖╕ Ήβ╕ΈΛΦ NULL έΗΤ ΉΜνΊΝρ/ΈΝΑΆ╕░ ΉνΣΈ│╡ ΊΩΙΉγσ, ΉΕ▒Ά│╡ ΈΜρ 1Ά▒┤ Έ│┤Ήηξ
    `is_success`      TINYINT(1) GENERATED ALWAYS AS (CASE WHEN status = 'SUCCEEDED' THEN 1 ELSE NULL END) STORED,

    PRIMARY KEY (`id`),
    UNIQUE KEY `uk_payments_idempo` (`idempotency_key`),
    UNIQUE KEY `uk_payments_one_success_per_resv` (`reservation_id`, `is_success`),
    KEY `idx_payments_user` (`user_id`),

    CONSTRAINT `fk_payments_reservation` FOREIGN KEY (`reservation_id`) REFERENCES `reservations` (`id`)
        ON DELETE CASCADE ON UPDATE RESTRICT,
    CONSTRAINT `fk_payments_user` FOREIGN KEY (`user_id`) REFERENCES `users` (`id`)
        ON DELETE RESTRICT ON UPDATE RESTRICT,
    CONSTRAINT `chk_payments_amount_nonneg` CHECK (`amount` >= 0)
)
    ENGINE = InnoDB
    DEFAULT CHARSET = utf8mb4
    COLLATE = utf8mb4_0900_ai_ci COMMENT ='Ά▓░Ήιε(Ά░ΑΉΔΒ)';

-- 7) queue_audit_logs
CREATE TABLE `queue_audit_logs`
(
    `id`            BIGINT UNSIGNED                    NOT NULL AUTO_INCREMENT COMMENT 'PK',
    `user_id`       BIGINT UNSIGNED                    NOT NULL,
    `concert_id`    BIGINT UNSIGNED                    NOT NULL,
    `status`        ENUM ('ISSUED','ACTIVE','EXPIRED') NOT NULL,
    `rank_position` INT UNSIGNED                                DEFAULT NULL,
    `note`          VARCHAR(255)                                DEFAULT NULL,
    `created_at`    DATETIME(6)                        NOT NULL DEFAULT CURRENT_TIMESTAMP(6),
    PRIMARY KEY (`id`),
    KEY `idx_queue_logs_user` (`user_id`),
    KEY `idx_queue_logs_concert` (`concert_id`),
    KEY `idx_queue_logs_status` (`status`),
    CONSTRAINT `fk_queue_logs_user` FOREIGN KEY (`user_id`) REFERENCES `users` (`id`) ON DELETE CASCADE ON UPDATE RESTRICT,
    CONSTRAINT `fk_queue_logs_concert` FOREIGN KEY (`concert_id`) REFERENCES `concerts` (`id`) ON DELETE CASCADE ON UPDATE RESTRICT,
    CONSTRAINT `chk_queue_logs_rank_nonneg` CHECK (`rank_position` IS NULL OR `rank_position` >= 0)
) ENGINE = InnoDB
  DEFAULT CHARSET = utf8mb4
  COLLATE = utf8mb4_0900_ai_ci COMMENT ='ΈΝΑΆ╕░ΉΩ┤ Ά░ΡΉΓυ ΈκεΆ╖╕';

-- 8) user_tokens
CREATE TABLE `user_tokens`
(
    `id`                 BIGINT UNSIGNED NOT NULL AUTO_INCREMENT COMMENT 'PK',
    `user_id`            BIGINT UNSIGNED NOT NULL,
    `refresh_token_hash` VARCHAR(255)    NOT NULL,
    `expires_at`         DATETIME(6)     NOT NULL,
    `created_at`         DATETIME(6)     NOT NULL DEFAULT CURRENT_TIMESTAMP(6),
    PRIMARY KEY (`id`),
    UNIQUE KEY `uk_user_tokens_rth` (`refresh_token_hash`),
    KEY `idx_user_tokens_user` (`user_id`),
    KEY `idx_user_tokens_expires_at` (`expires_at`),
    CONSTRAINT `fk_user_tokens_user` FOREIGN KEY (`user_id`) REFERENCES `users` (`id`) ON DELETE CASCADE ON UPDATE RESTRICT
) ENGINE = InnoDB
  DEFAULT CHARSET = utf8mb4
  COLLATE = utf8mb4_0900_ai_ci COMMENT ='ΈουΊΦΕΈιΙΉΜε ΊΗιΊΒ░ ΉιΑΉηξΉΗΝ';

-- 9) wallet_accounts
CREATE TABLE `wallet_accounts`
(
    `user_id`    BIGINT UNSIGNED NOT NULL COMMENT 'PK/FK: users.id',
    `balance`    BIGINT UNSIGNED NOT NULL DEFAULT 0 COMMENT 'ΉηΦΉΧκ(ΉδΡ)',
    `version`    BIGINT UNSIGNED NOT NULL DEFAULT 0 COMMENT 'ΈΓβΆ┤ΑΉιΒ Έζ╜ Έ▓ΕΉιΕ',
    `created_at` DATETIME(6)     NOT NULL DEFAULT CURRENT_TIMESTAMP(6),
    PRIMARY KEY (`user_id`),
    CONSTRAINT `fk_wallet_accounts_user` FOREIGN KEY (`user_id`) REFERENCES `users` (`id`) ON DELETE CASCADE ON UPDATE RESTRICT,
    CONSTRAINT `chk_wallet_accounts_balance_nonneg` CHECK (`balance` >= 0)
);


-- 10) wallet_transactions
CREATE TABLE `wallet_transactions`
(
    `id`                 BIGINT UNSIGNED                  NOT NULL AUTO_INCREMENT COMMENT 'PK',
    `user_id`            BIGINT UNSIGNED                  NOT NULL,
    `related_payment_id` BIGINT UNSIGNED                           DEFAULT NULL,
    `amount`             BIGINT UNSIGNED                  NOT NULL,
    `type`               ENUM ('CHARGE','DEBIT','REFUND') NOT NULL,
    `idempotency_key`    CHAR(36)                                  DEFAULT NULL,
    `created_at`         DATETIME(6)                      NOT NULL DEFAULT CURRENT_TIMESTAMP(6),
    PRIMARY KEY (`id`),
    UNIQUE KEY `uk_wallet_txn_user_idempo` (`user_id`, `idempotency_key`),
    KEY `idx_wallet_txn_user` (`user_id`),
    KEY `idx_wallet_txn_payment` (`related_payment_id`),
    CONSTRAINT `fk_wallet_txn_payment` FOREIGN KEY (`related_payment_id`) REFERENCES `payments` (`id`) ON DELETE SET NULL ON UPDATE RESTRICT,
    CONSTRAINT `fk_wallet_txn_user` FOREIGN KEY (`user_id`) REFERENCES `users` (`id`) ON DELETE CASCADE ON UPDATE RESTRICT,
    CONSTRAINT `chk_wallet_txn_amount_nonneg` CHECK (`amount` >= 0)
) ENGINE = InnoDB
  DEFAULT CHARSET = utf8mb4
  COLLATE = utf8mb4_0900_ai_ci COMMENT ='ΉπΑΆ░Σ Ά▒░Έηα ΉδΡΉηξ(Έ╢ΙΈ│Α)';

-- 11) idempotency_keys
CREATE TABLE `idempotency_keys`
(
    `id`          BIGINT       NOT NULL AUTO_INCREMENT COMMENT 'PK',
    `request_key` VARCHAR(128) NOT NULL COMMENT 'ΉγΦΉ▓φ Έσ▒ΈΥ▒ ΊΓν(ΉΩΦΈΥεΊΠυΉζ╕ΊΛ╕+ΉΓυΉγσΉηΡ)',
    `created_at`  DATETIME(6)  NOT NULL DEFAULT CURRENT_TIMESTAMP(6),
    `updated_at`  DATETIME(6)  NULL     DEFAULT NULL ON UPDATE CURRENT_TIMESTAMP(6),
    `deleted_at`  DATETIME(6)  NULL     DEFAULT NULL,
    PRIMARY KEY (`id`),
    UNIQUE KEY `uk_idempotency_request_key` (`request_key`),
    KEY `idx_idempotency_created_at` (`created_at`)
) ENGINE = InnoDB
  DEFAULT CHARSET = utf8mb4
  COLLATE = utf8mb4_0900_ai_ci COMMENT ='Έσ▒ΈΥ▒ ΊΓν ΉιΑΉηξΉΗΝ';

-- ============================================================
-- Seed Data (>=5 rows per table)
-- ============================================================

-- users (5)
INSERT INTO users (id, user_uuid, email, password, name)
VALUES (1, '11111111-1111-1111-1111-111111111111', 'user1@test.com', '{noop}hash', 'ΉειΉιΑ1'),
       (2, '22222222-2222-2222-2222-222222222222', 'user2@test.com', '{noop}hash', 'ΉειΉιΑ2'),
       (3, '33333333-3333-3333-3333-333333333333', 'user3@test.com', '{noop}hash', 'ΉειΉιΑ3'),
       (4, '44444444-4444-4444-4444-444444444444', 'user4@test.com', '{noop}hash', 'ΉειΉιΑ4'),
       (5, '55555555-5555-5555-5555-555555555555', 'user5@test.com', '{noop}hash', 'ΉειΉιΑ5');

-- ΉπΑΆ░Σ Ά│ΕΉιΧ Ή┤ΙΆ╕░ ΈΞ░Ήζ┤ΊΕ░
INSERT INTO wallet_accounts (user_id, balance, version, created_at)
VALUES (1, 100000, 0, CURRENT_TIMESTAMP(6)),
       (2, 50000, 0, CURRENT_TIMESTAMP(6)),
       (3, 80000, 0, CURRENT_TIMESTAMP(6)),
       (4, 20000, 0, CURRENT_TIMESTAMP(6)),
       (5, 0, 0, CURRENT_TIMESTAMP(6));

-- concerts
INSERT INTO concerts (id, title, description, artist_name, organizer_name, is_open)
VALUES (1, 'Έζ╜ ΊΟαΉΛνΊΜ░Έ▓Ν', 'Έζ╜ Ά│╡ΉΩ░', 'ΈΞΦΈζ╜Έ░┤ΈΥε', 'Έζ╜Ή╗┤ΊΞ╝ΈΜΙ', 1),
       (2, 'ΉηυΉοΙ ΈΓαΉζ┤ΊΛ╕', 'ΉηυΉοΙ Ά│╡ΉΩ░', 'ΉηυΉοΙΊΛ╕ΈουΉαν', 'ΉηυΉοΙΉΩΡΉζ┤ΉιΕΉΜε', 1),
       (3, 'ΊΒ┤ΈηαΉΜζ Ά░ΙΈζ╝', 'ΉανΉ╝ΑΉΛνΊΛ╕Έζ╝', 'ΉΜυΊΠυΈΜΙ', 'ΊΒ┤ΈηαΉΜζΊΧαΉγ░ΉΛν', 1),
       (4, 'K-POP Ή╜αΉΕεΊΛ╕', 'ΉΧΕΉζ┤ΈΠΝ Ή╜αΉΕεΊΛ╕', 'ΉΧΕΉζ┤ΈΠΝX', 'Ή╝ΑΉζ┤ΊΝζΉΩΦΊΕ░', 1),
       (5, 'Ήζ╕ΈΦΦ Έζ╝Ήζ┤Έ╕Ν', 'Ήζ╕ΈΦΦ Ά│╡ΉΩ░', 'Ήζ╕ΈΦΦΉΜ▒ΉΨ┤', 'Ήζ╕ΈΦΦΈιΙΉζ┤Έ╕Φ', 1);

-- concert_dates
INSERT INTO concert_dates (id, concert_id, event_date, venue_name, is_open)
VALUES (1, 1, '2025-12-01', 'ΉΕεΉγ╕ ΉαυΈο╝ΊΦ╜ΊβΑ', 1),
       (2, 1, '2025-12-02', 'ΉΕεΉγ╕ ΉαυΈο╝ΊΦ╜ΊβΑ', 1),
       (3, 2, '2025-11-28', 'Έ╕ΦΈμρΈΖ╕ΊΛ╕ΊβΑ', 1),
       (4, 3, '2025-12-10', 'ΉαΙΉΙιΉζαΉιΕΈΜ╣', 1),
       (5, 4, '2025-12-15', 'Ά│ιΉ▓βΉΛνΉ╣┤Ήζ┤ΈΠΦ', 1),
       (6, 5, '2025-11-30', 'ΊβΞΈΝΑ Έζ╝Ήζ┤Έ╕ΝΊΒ┤Έθ╜', 1);

-- concert_seats  έΑΦ (concert_date_id, section, seat_no) ΉειΈΜΙΊΒυ Έ│┤Ήηξ + status Έ░αΉαΒ
INSERT INTO concert_seats (id, concert_date_id, seat_no, section, price, status)
VALUES
-- date 1
(1, 1, 1, 'A', 70000, 'CONFIRMED'),                -- ΉαΙΉΧ╜ ΊβΧΉιΧ ΉλΝΉΕζ
(2, 1, 2, 'A', 70000, 'HELD'),                     -- Έ│┤Έξα(PENDING) ΉλΝΉΕζ
(3, 1, 10, 'B', 60000, 'AVAILABLE'),
-- date 2
(4, 2, 1, 'A', 70000, 'AVAILABLE'),
(5, 2, 2, 'A', 70000, 'AVAILABLE'),
-- date 3
(6, 3, 5, 'S', 90000, 'CONFIRMED'),
(7, 3, 6, 'S', 90000, 'AVAILABLE'),
-- date 4
(8, 4, 25, 'R', 80000, 'CANCELED' IS NOT NULL),    -- dummy to keep SQL valid; will set AVAILABLE below
(9, 4, 26, 'R', 80000, 'AVAILABLE'),
-- date 5
(10, 5, 50, 'VIP', 120000, 'EXPIRED' IS NOT NULL), -- dummy; will set AVAILABLE below
-- date 6
(11, 6, 3, 'A', 50000, 'HELD'),
(12, 6, 4, 'A', 50000, 'AVAILABLE');

-- ΉεΕ ΈΣΡ ΉνΕ(8,10)Ήζα ΉζαΈΠΕΉ╣α ΉΧΛΉζΑ Ήμ╝ΉΕζ-ΊΣεΊαΕΉζΕ ΉιΧΉιΧ (MySQLΉΩΡΉΕε ENUM Ά░ΤΈπΝ ΊΩΙΉγσΈΡαΈψΑΈκε UPDATEΈκε ΉιΧΉΔΒΊβΦ)
UPDATE concert_seats
SET status='AVAILABLE'
WHERE id IN (8, 10);

-- reservations  έΑΦ PENDINGΉζ┤Έσ┤ hold_expires_at ΊΧΕΉΙα
INSERT INTO reservations
(id, user_id, concert_id, concert_date_id, seat_id, status, amount, hold_expires_at, confirmed_at, canceled_at,
 expired_at, is_active, version)
VALUES
    (1, 1, 1, 1, 1, 'CONFIRMED', 70000, NULL, CURRENT_TIMESTAMP(6), NULL, NULL, 1, 0),
    (2, 2, 1, 1, 2, 'PENDING',   70000, CURRENT_TIMESTAMP(6) + INTERVAL 15 MINUTE, NULL, NULL, NULL, 1, 0),
    (3, 3, 2, 3, 6, 'CONFIRMED', 90000, NULL, CURRENT_TIMESTAMP(6), NULL, NULL, 1, 0),
    (4, 4, 3, 4, 8, 'CANCELED',  80000, NULL, NULL, CURRENT_TIMESTAMP(6), NULL, 0, 0),
    (5, 5, 4, 5,10, 'EXPIRED',  120000, NULL, NULL, NULL, CURRENT_TIMESTAMP(6), 0, 0),
    (6, 2, 5, 6,11, 'PENDING',   50000, CURRENT_TIMESTAMP(6) + INTERVAL 10 MINUTE, NULL, NULL, NULL, 1, 0);

-- payments έΑΦ idempotency_key UNIQUE

INSERT INTO payments (
    reservation_id,
    user_id,
    amount,
    provider,
    provider_txn_id,
    status,
    idempotency_key,
    created_at,
    updated_at,
    deleted_at
) VALUES
-- ΉΕ▒Ά│╡ Ά▓░Ήιε (user 1, reservation 1)
(1, 1, 60000, 'KAKAO_PAY', 'TXN-202510280001', 'SUCCEEDED', 'idem-0001-aaaa-bbbb-1111',
 NOW(6), NOW(6), NULL),
-- ΉΜνΊΝρ Ά▓░Ήιε (user 2, reservation 2)
(2, 2, 80000, 'NAVER_PAY', 'TXN-202510280002', 'FAILED', 'idem-0002-cccc-dddd-2222',
 NOW(6), NOW(6), NULL),

-- Ά▓░Ήιε ΉπΕΊΨΚΉνΣ (user 3, reservation 3)
(3, 3, 45000, 'TOSS_PAY', NULL, 'PENDING', 'idem-0003-eeee-ffff-3333',
 NOW(6), NOW(6), NULL),

-- ΉΕ▒Ά│╡ Ά▓░Ήιε (user 4, reservation 4)
(4, 4, 120000, 'CARD_VISA', 'TXN-202510280004', 'SUCCEEDED', 'idem-0004-gggg-hhhh-4444',
 NOW(6), NOW(6), NULL),

-- ΉΜνΊΝρ Ά▓░Ήιε (user 5, reservation 5)
(5, 5, 50000, 'APPLE_PAY', 'TXN-202510280005', 'FAILED', 'idem-0005-iiii-jjjj-5555',
 NOW(6), NOW(6), NULL);

-- queue_audit_logs
INSERT INTO queue_audit_logs (id, user_id, concert_id, status, rank_position, note)
VALUES (1, 1, 1, 'ACTIVE', 0, 'ΉπΕΉηΖ'),
       (2, 2, 1, 'ISSUED', 5, 'Έ░εΆ╕Κ'),
       (3, 3, 2, 'EXPIRED', NULL, 'ΈπΝΈμΝ'),
       (4, 4, 3, 'ISSUED', 12, NULL),
       (5, 5, 4, 'ACTIVE', 2, NULL),
       (6, 2, 5, 'ISSUED', 3, 'ΈΝΑΆ╕░');

-- user_tokens (>=5) έΑΦ refresh_token_hash UNIQUE
INSERT INTO user_tokens (id, user_id, refresh_token_hash, expires_at, created_at)
VALUES (1, 1, 'rth-0001', CURRENT_TIMESTAMP(6) + INTERVAL 30 DAY, CURRENT_TIMESTAMP(6)),
       (2, 2, 'rth-0002', CURRENT_TIMESTAMP(6) + INTERVAL 30 DAY, CURRENT_TIMESTAMP(6)),
       (3, 3, 'rth-0003', CURRENT_TIMESTAMP(6) + INTERVAL 30 DAY, CURRENT_TIMESTAMP(6)),
       (4, 4, 'rth-0004', CURRENT_TIMESTAMP(6) + INTERVAL 30 DAY, CURRENT_TIMESTAMP(6)),
       (5, 5, 'rth-0005', CURRENT_TIMESTAMP(6) + INTERVAL 30 DAY, CURRENT_TIMESTAMP(6));

-- wallet_transactions
INSERT INTO wallet_transactions
(id, user_id, related_payment_id, amount, type, idempotency_key, created_at)
VALUES (1, 1, NULL, 50000, 'CHARGE', 'wtx-1-u1', CURRENT_TIMESTAMP(6)),
       (2, 1, 1, 70000, 'DEBIT', 'wtx-2-u1', CURRENT_TIMESTAMP(6)),
       (3, 2, NULL, 30000, 'CHARGE', 'wtx-1-u2', CURRENT_TIMESTAMP(6)),
       (4, 3, 2, 90000, 'DEBIT', 'wtx-1-u3', CURRENT_TIMESTAMP(6)),
       (5, 4, 3, 80000, 'REFUND', 'wtx-1-u4', CURRENT_TIMESTAMP(6)),
       (6, 5, NULL, 20000, 'CHARGE', 'wtx-1-u5', CURRENT_TIMESTAMP(6));

-- idempotency_keys
INSERT INTO idempotency_keys (id, request_key, created_at)
VALUES (1, 'POST:/api/v1/wallet/charge:user1:2025-10-28T00:00:00Z', CURRENT_TIMESTAMP(6)),
       (2, 'POST:/api/v1/reservations:user2:2025-10-28T00:01:00Z', CURRENT_TIMESTAMP(6)),
       (3, 'POST:/api/v1/payments:user3:2025-10-28T00:02:00Z', CURRENT_TIMESTAMP(6)),
       (4, 'POST:/api/v1/queue/issue:user4:2025-10-28T00:03:00Z', CURRENT_TIMESTAMP(6)),
       (5, 'POST:/api/v1/tokens/refresh:user5:2025-10-28T00:04:00Z', CURRENT_TIMESTAMP(6));